date,value,unit,product,sensor,image_path,image_url
2020-10-21T09:56:44,271894.0,Npix_coh<0.5,coh_desc,Sentinel-1,data_mounts/copahue/2020/copahue_20201015T095732_20201021T095643_VV_coh.png,http://www.mounts-project.com/static/data_mounts/copahue/2020/copahue_20201015T095732_20201021T095643_VV_coh.png
2020-10-27T09:57:32,504007.0,Npix_coh<0.5,coh_desc,Sentinel-1,data_mounts/copahue/2020/copahue_20201021T095643_20201027T095732_VV_coh.png,http://www.mounts-project.com/static/data_mounts/copahue/2020/copahue_20201021T095643_20201027T095732_VV_coh.png
2020-11-02T09:56:44,504442.0,Npix_coh<0.5,coh_desc,Sentinel-1,data_mounts/copahue/2020/copahue_20201027T095732_20201102T095643_VV_coh.png,http://www.mounts-project.com/static/data_mounts/copahue/2020/copahue_20201027T095732_20201102T095643_VV_coh.png
2020-11-08T09:57:32,237421.0,Npix_coh<0.5,coh_desc,Sentinel-1,data_mounts/copahue/2020/copahue_20201102T095643_20201108T095732_VV_coh.png,http://www.mounts-project.com/static/data_mounts/copahue/2020/copahue_20201102T095643_20201108T095732_VV_coh.png
2020-11-20T09:57:32,237629.0,Npix_coh<0.5,coh_desc,Sentinel-1,data_mounts/copahue/2020/copahue_20201108T095732_20201120T095731_VV_coh.png,http://www.mounts-project.com/static/data_mounts/copahue/2020/copahue_20201108T095732_20201120T095731_VV_coh.png
2020-11-26T09:56:43,264380.0,Npix_coh<0.5,coh_desc,Sentinel-1,data_mounts/copahue/2020/copahue_20201120T095731_20201126T095643_VV_coh.png,http://www.mounts-project.com/static/data_mounts/copahue/2020/copahue_20201120T095731_20201126T095643_VV_coh.png
2020-12-02T09:57:31,119623.0,Npix_coh<0.5,coh_desc,Sentinel-1,data_mounts/copahue/2020/copahue_20201126T095643_20201202T095731_VV_coh.png,http://www.mounts-project.com/static/data_mounts/copahue/2020/copahue_20201126T095643_20201202T095731_VV_coh.png
2020-12-08T09:56:43,109814.0,Npix_coh<0.5,coh_desc,Sentinel-1,data_mounts/copahue/2020/copahue_20201202T095731_20201208T095642_VV_coh.png,http://www.mounts-project.com/static/data_mounts/copahue/2020/copahue_20201202T095731_20201208T095642_VV_coh.png
2020-12-14T09:57:31,297505.0,Npix_coh<0.5,coh_desc,Sentinel-1,data_mounts/copahue/2020/copahue_20201208T095642_20201214T095730_VV_coh.png,http://www.mounts-project.com/static/data_mounts/copahue/2020/copahue_20201208T095642_20201214T095730_VV_coh.png
2020-12-20T09:56:42,256397.0,Npix_coh<0.5,coh_desc,Sentinel-1,data_mounts/copahue/2020/copahue_20201214T095730_20201220T095642_VV_coh.png,http://www.mounts-project.com/static/data_mounts/copahue/2020/copahue_20201214T095730_20201220T095642_VV_coh.png
2020-12-26T09:57:30,159470.0,Npix_coh<0.5,coh_desc,Sentinel-1,data_mounts/copahue/2020/copahue_20201220T095642_20201226T095730_VV_coh.png,http://www.mounts-project.com/static/data_mounts/copahue/2020/copahue_20201220T095642_20201226T095730_VV_coh.png
2021-01-01T09:56:42,56319.0,Npix_coh<0.5,coh_desc,Sentinel-1,data_mounts/copahue/2021/copahue_20201226T095730_20210101T095641_VV_coh.png,http://www.mounts-project.com/static/data_mounts/copahue/2021/copahue_20201226T095730_20210101T095641_VV_coh.png
2021-01-07T09:57:30,37619.0,Npix_coh<0.5,coh_desc,Sentinel-1,data_mounts/copahue/2021/copahue_20210101T095641_20210107T095729_VV_coh.png,http://www.mounts-project.com/static/data_mounts/copahue/2021/copahue_20210101T095641_20210107T095729_VV_coh.png
2021-01-13T09:56:41,50921.0,Npix_coh<0.5,coh_desc,Sentinel-1,data_mounts/copahue/2021/copahue_20210107T095729_20210113T095641_VV_coh.png,http://www.mounts-project.com/static/data_mounts/copahue/2021/copahue_20210107T095729_20210113T095641_VV_coh.png
2021-01-19T09:57:29,85042.0,Npix_coh<0.5,coh_desc,Sentinel-1,data_mounts/copahue/2021/copahue_20210113T095641_20210119T095729_VV_coh.png,http://www.mounts-project.com/static/data_mounts/copahue/2021/copahue_20210113T095641_20210119T095729_VV_coh.png
2021-01-25T09:56:41,66131.0,Npix_coh<0.5,coh_desc,Sentinel-1,data_mounts/copahue/2021/copahue_20210119T095729_20210125T095640_VV_coh.png,http://www.mounts-project.com/static/data_mounts/copahue/2021/copahue_20210119T095729_20210125T095640_VV_coh.png
2021-01-31T09:57:29,221126.0,Npix_coh<0.5,coh_desc,Sentinel-1,data_mounts/copahue/2021/copahue_20210125T095640_20210131T095728_VV_coh.png,http://www.mounts-project.com/static/data_mounts/copahue/2021/copahue_20210125T095640_20210131T095728_VV_coh.png
2021-02-06T09:56:40,126798.0,Npix_coh<0.5,coh_desc,Sentinel-1,data_mounts/copahue/2021/copahue_20210131T095728_20210206T095640_VV_coh.png,http://www.mounts-project.com/static/data_mounts/copahue/2021/copahue_20210131T095728_20210206T095640_VV_coh.png
2021-02-12T09:57:28,38125.0,Npix_coh<0.5,coh_desc,Sentinel-1,data_mounts/copahue/2021/copahue_20210206T095640_20210212T095728_VV_coh.png,http://www.mounts-project.com/static/data_mounts/copahue/2021/copahue_20210206T095640_20210212T095728_VV_coh.png
2021-02-18T09:56:39,77264.0,Npix_coh<0.5,coh_desc,Sentinel-1,data_mounts/copahue/2021/copahue_20210212T095728_20210218T095638_VV_coh.png,http://www.mounts-project.com/static/data_mounts/copahue/2021/copahue_20210212T095728_20210218T095638_VV_coh.png
2021-02-24T09:57:28,69600.0,Npix_coh<0.5,coh_desc,Sentinel-1,data_mounts/copahue/2021/copahue_20210218T095638_20210224T095728_VV_coh.png,http://www.mounts-project.com/static/data_mounts/copahue/2021/copahue_20210218T095638_20210224T095728_VV_coh.png
2021-03-02T09:56:40,41230.0,Npix_coh<0.5,coh_desc,Sentinel-1,data_mounts/copahue/2021/copahue_20210224T095728_20210302T095639_VV_coh.png,http://www.mounts-project.com/static/data_mounts/copahue/2021/copahue_20210224T095728_20210302T095639_VV_coh.png
2021-03-08T09:57:28,34691.0,Npix_coh<0.5,coh_desc,Sentinel-1,data_mounts/copahue/2021/copahue_20210302T095639_20210308T095728_VV_coh.png,http://www.mounts-project.com/static/data_mounts/copahue/2021/copahue_20210302T095639_20210308T095728_VV_coh.png
2021-03-14T09:56:40,36540.0,Npix_coh<0.5,coh_desc,Sentinel-1,data_mounts/copahue/2021/copahue_20210308T095728_20210314T095639_VV_coh.png,http://www.mounts-project.com/static/data_mounts/copahue/2021/copahue_20210308T095728_20210314T095639_VV_coh.png
2021-03-20T09:57:28,96309.0,Npix_coh<0.5,coh_desc,Sentinel-1,data_mounts/copahue/2021/copahue_20210314T095639_20210320T095728_VV_coh.png,http://www.mounts-project.com/static/data_mounts/copahue/2021/copahue_20210314T095639_20210320T095728_VV_coh.png
2021-03-26T09:56:40,113487.0,Npix_coh<0.5,coh_desc,Sentinel-1,data_mounts/copahue/2021/copahue_20210320T095728_20210326T095640_VV_coh.png,http://www.mounts-project.com/static/data_mounts/copahue/2021/copahue_20210320T095728_20210326T095640_VV_coh.png
2021-04-01T09:57:28,139767.0,Npix_coh<0.5,coh_desc,Sentinel-1,data_mounts/copahue/2021/copahue_20210326T095640_20210401T095728_VV_coh.png,http://www.mounts-project.com/static/data_mounts/copahue/2021/copahue_20210326T095640_20210401T095728_VV_coh.png
2021-04-07T09:56:40,86826.0,Npix_coh<0.5,coh_desc,Sentinel-1,data_mounts/copahue/2021/copahue_20210401T095728_20210407T095640_VV_coh.png,http://www.mounts-project.com/static/data_mounts/copahue/2021/copahue_20210401T095728_20210407T095640_VV_coh.png
2021-04-13T09:57:29,78233.0,Npix_coh<0.5,coh_desc,Sentinel-1,data_mounts/copahue/2021/copahue_20210407T095640_20210413T095729_VV_coh.png,http://www.mounts-project.com/static/data_mounts/copahue/2021/copahue_20210407T095640_20210413T095729_VV_coh.png
2021-04-19T09:56:41,49268.0,Npix_coh<0.5,coh_desc,Sentinel-1,data_mounts/copahue/2021/copahue_20210413T095729_20210419T095640_VV_coh.png,http://www.mounts-project.com/static/data_mounts/copahue/2021/copahue_20210413T095729_20210419T095640_VV_coh.png
2021-04-25T09:57:30,112201.0,Npix_coh<0.5,coh_desc,Sentinel-1,data_mounts/copahue/2021/copahue_20210419T095640_20210425T095729_VV_coh.png,http://www.mounts-project.com/static/data_mounts/copahue/2021/copahue_20210419T095640_20210425T095729_VV_coh.png
2021-05-01T09:56:41,294302.0,Npix_coh<0.5,coh_desc,Sentinel-1,data_mounts/copahue/2021/copahue_20210425T095729_20210501T095641_VV_coh.png,http://www.mounts-project.com/static/data_mounts/copahue/2021/copahue_20210425T095729_20210501T095641_VV_coh.png
2021-05-07T09:57:30,489880.0,Npix_coh<0.5,coh_desc,Sentinel-1,data_mounts/copahue/2021/copahue_20210501T095641_20210507T095730_VV_coh.png,http://www.mounts-project.com/static/data_mounts/copahue/2021/copahue_20210501T095641_20210507T095730_VV_coh.png
2021-05-13T09:56:42,444528.0,Npix_coh<0.5,coh_desc,Sentinel-1,data_mounts/copahue/2021/copahue_20210507T095730_20210513T095642_VV_coh.png,http://www.mounts-project.com/static/data_mounts/copahue/2021/copahue_20210507T095730_20210513T095642_VV_coh.png
2021-05-25T09:56:43,456993.0,Npix_coh<0.5,coh_desc,Sentinel-1,data_mounts/copahue/2021/copahue_20210513T095642_20210525T095642_VV_coh.png,http://www.mounts-project.com/static/data_mounts/copahue/2021/copahue_20210513T095642_20210525T095642_VV_coh.png
2021-05-31T09:57:31,527873.0,Npix_coh<0.5,coh_desc,Sentinel-1,data_mounts/copahue/2021/copahue_20210525T095642_20210531T095731_VV_coh.png,http://www.mounts-project.com/static/data_mounts/copahue/2021/copahue_20210525T095642_20210531T095731_VV_coh.png
2021-06-06T09:56:44,529624.0,Npix_coh<0.5,coh_desc,Sentinel-1,data_mounts/copahue/2021/copahue_20210531T095731_20210606T095643_VV_coh.png,http://www.mounts-project.com/static/data_mounts/copahue/2021/copahue_20210531T095731_20210606T095643_VV_coh.png
2021-06-12T09:57:32,491108.0,Npix_coh<0.5,coh_desc,Sentinel-1,data_mounts/copahue/2021/copahue_20210606T095643_20210612T095732_VV_coh.png,http://www.mounts-project.com/static/data_mounts/copahue/2021/copahue_20210606T095643_20210612T095732_VV_coh.png
2021-06-18T09:56:44,509843.0,Npix_coh<0.5,coh_desc,Sentinel-1,data_mounts/copahue/2021/copahue_20210612T095732_20210618T095644_VV_coh.png,http://www.mounts-project.com/static/data_mounts/copahue/2021/copahue_20210612T095732_20210618T095644_VV_coh.png
2021-06-24T09:57:33,510507.0,Npix_coh<0.5,coh_desc,Sentinel-1,data_mounts/copahue/2021/copahue_20210618T095644_20210624T095732_VV_coh.png,http://www.mounts-project.com/static/data_mounts/copahue/2021/copahue_20210618T095644_20210624T095732_VV_coh.png
2021-07-12T09:56:46,524681.0,Npix_coh<0.5,coh_desc,Sentinel-1,data_mounts/copahue/2021/copahue_20210624T095732_20210712T095645_VV_coh.png,http://www.mounts-project.com/static/data_mounts/copahue/2021/copahue_20210624T095732_20210712T095645_VV_coh.png
2021-07-18T09:57:34,519366.0,Npix_coh<0.5,coh_desc,Sentinel-1,data_mounts/copahue/2021/copahue_20210712T095645_20210718T095734_VV_coh.png,http://www.mounts-project.com/static/data_mounts/copahue/2021/copahue_20210712T095645_20210718T095734_VV_coh.png
2021-07-24T09:56:46,503429.0,Npix_coh<0.5,coh_desc,Sentinel-1,data_mounts/copahue/2021/copahue_20210718T095734_20210724T095646_VV_coh.png,http://www.mounts-project.com/static/data_mounts/copahue/2021/copahue_20210718T095734_20210724T095646_VV_coh.png
2021-07-30T09:57:35,473877.0,Npix_coh<0.5,coh_desc,Sentinel-1,data_mounts/copahue/2021/copahue_20210724T095646_20210730T095734_VV_coh.png,http://www.mounts-project.com/static/data_mounts/copahue/2021/copahue_20210724T095646_20210730T095734_VV_coh.png
2021-08-05T09:56:47,514033.0,Npix_coh<0.5,coh_desc,Sentinel-1,data_mounts/copahue/2021/copahue_20210730T095734_20210805T095646_VV_coh.png,http://www.mounts-project.com/static/data_mounts/copahue/2021/copahue_20210730T095734_20210805T095646_VV_coh.png
2021-08-11T09:57:36,519671.0,Npix_coh<0.5,coh_desc,Sentinel-1,data_mounts/copahue/2021/copahue_20210805T095646_20210811T095735_VV_coh.png,http://www.mounts-project.com/static/data_mounts/copahue/2021/copahue_20210805T095646_20210811T095735_VV_coh.png
2021-08-17T09:56:48,527749.0,Npix_coh<0.5,coh_desc,Sentinel-1,data_mounts/copahue/2021/copahue_20210811T095735_20210817T095647_VV_coh.png,http://www.mounts-project.com/static/data_mounts/copahue/2021/copahue_20210811T095735_20210817T095647_VV_coh.png
2021-08-23T09:57:36,526341.0,Npix_coh<0.5,coh_desc,Sentinel-1,data_mounts/copahue/2021/copahue_20210817T095647_20210823T095736_VV_coh.png,http://www.mounts-project.com/static/data_mounts/copahue/2021/copahue_20210817T095647_20210823T095736_VV_coh.png
2021-08-29T09:56:48,528492.0,Npix_coh<0.5,coh_desc,Sentinel-1,data_mounts/copahue/2021/copahue_20210823T095736_20210829T095648_VV_coh.png,http://www.mounts-project.com/static/data_mounts/copahue/2021/copahue_20210823T095736_20210829T095648_VV_coh.png
2021-09-04T09:57:37,521757.0,Npix_coh<0.5,coh_desc,Sentinel-1,data_mounts/copahue/2021/copahue_20210829T095648_20210904T095736_VV_coh.png,http://www.mounts-project.com/static/data_mounts/copahue/2021/copahue_20210829T095648_20210904T095736_VV_coh.png
2021-09-10T09:56:49,514132.0,Npix_coh<0.5,coh_desc,Sentinel-1,data_mounts/copahue/2021/copahue_20210904T095736_20210910T095648_VV_coh.png,http://www.mounts-project.com/static/data_mounts/copahue/2021/copahue_20210904T095736_20210910T095648_VV_coh.png
2021-09-16T09:57:37,528291.0,Npix_coh<0.5,coh_desc,Sentinel-1,data_mounts/copahue/2021/copahue_20210910T095648_20210916T095737_VV_coh.png,http://www.mounts-project.com/static/data_mounts/copahue/2021/copahue_20210910T095648_20210916T095737_VV_coh.png
2021-09-22T09:56:49,525422.0,Npix_coh<0.5,coh_desc,Sentinel-1,data_mounts/copahue/2021/copahue_20210916T095737_20210922T095649_VV_coh.png,http://www.mounts-project.com/static/data_mounts/copahue/2021/copahue_20210916T095737_20210922T095649_VV_coh.png
2021-09-28T09:57:38,475090.0,Npix_coh<0.5,coh_desc,Sentinel-1,data_mounts/copahue/2021/copahue_20210922T095649_20210928T095737_VV_coh.png,http://www.mounts-project.com/static/data_mounts/copahue/2021/copahue_20210922T095649_20210928T095737_VV_coh.png
2021-10-04T09:56:50,528177.0,Npix_coh<0.5,coh_desc,Sentinel-1,data_mounts/copahue/2021/copahue_20210928T095737_20211004T095649_VV_coh.png,http://www.mounts-project.com/static/data_mounts/copahue/2021/copahue_20210928T095737_20211004T095649_VV_coh.png
2021-10-10T09:57:38,530946.0,Npix_coh<0.5,coh_desc,Sentinel-1,data_mounts/copahue/2021/copahue_20211004T095649_20211010T095737_VV_coh.png,http://www.mounts-project.com/static/data_mounts/copahue/2021/copahue_20211004T095649_20211010T095737_VV_coh.png
2021-10-16T09:56:50,530357.0,Npix_coh<0.5,coh_desc,Sentinel-1,data_mounts/copahue/2021/copahue_20211010T095737_20211016T095649_VV_coh.png,http://www.mounts-project.com/static/data_mounts/copahue/2021/copahue_20211010T095737_20211016T095649_VV_coh.png
2021-10-22T09:57:38,527844.0,Npix_coh<0.5,coh_desc,Sentinel-1,data_mounts/copahue/2021/copahue_20211016T095649_20211022T095738_VV_coh.png,http://www.mounts-project.com/static/data_mounts/copahue/2021/copahue_20211016T095649_20211022T095738_VV_coh.png
2021-10-28T09:56:50,394627.0,Npix_coh<0.5,coh_desc,Sentinel-1,data_mounts/copahue/2021/copahue_20211022T095738_20211028T095649_VV_coh.png,http://www.mounts-project.com/static/data_mounts/copahue/2021/copahue_20211022T095738_20211028T095649_VV_coh.png
2021-11-09T09:56:49,338781.0,Npix_coh<0.5,coh_desc,Sentinel-1,data_mounts/copahue/2021/copahue_20211103T095737_20211109T095649_VV_coh.png,http://www.mounts-project.com/static/data_mounts/copahue/2021/copahue_20211103T095737_20211109T095649_VV_coh.png
2021-11-15T09:57:38,335253.0,Npix_coh<0.5,coh_desc,Sentinel-1,data_mounts/copahue/2021/copahue_20211109T095649_20211115T095737_VV_coh.png,http://www.mounts-project.com/static/data_mounts/copahue/2021/copahue_20211109T095649_20211115T095737_VV_coh.png
2021-11-21T09:56:49,356838.0,Npix_coh<0.5,coh_desc,Sentinel-1,data_mounts/copahue/2021/copahue_20211115T095737_20211121T095649_VV_coh.png,http://www.mounts-project.com/static/data_mounts/copahue/2021/copahue_20211115T095737_20211121T095649_VV_coh.png
2021-11-27T09:57:37,152789.0,Npix_coh<0.5,coh_desc,Sentinel-1,data_mounts/copahue/2021/copahue_20211121T095649_20211127T095737_VV_coh.png,http://www.mounts-project.com/static/data_mounts/copahue/2021/copahue_20211121T095649_20211127T095737_VV_coh.png
2021-12-03T09:56:49,169054.0,Npix_coh<0.5,coh_desc,Sentinel-1,data_mounts/copahue/2021/copahue_20211127T095737_20211203T095648_VV_coh.png,http://www.mounts-project.com/static/data_mounts/copahue/2021/copahue_20211127T095737_20211203T095648_VV_coh.png
2021-12-09T09:57:37,196054.0,Npix_coh<0.5,coh_desc,Sentinel-1,data_mounts/copahue/2021/copahue_20211203T095648_20211209T095736_VV_coh.png,http://www.mounts-project.com/static/data_mounts/copahue/2021/copahue_20211203T095648_20211209T095736_VV_coh.png
2021-12-15T09:56:48,220780.0,Npix_coh<0.5,coh_desc,Sentinel-1,data_mounts/copahue/2021/copahue_20211209T095736_20211215T095648_VV_coh.png,http://www.mounts-project.com/static/data_mounts/copahue/2021/copahue_20211209T095736_20211215T095648_VV_coh.png
2021-12-21T09:57:36,112863.0,Npix_coh<0.5,coh_desc,Sentinel-1,data_mounts/copahue/2021/copahue_20211215T095648_20211221T095736_VV_coh.png,http://www.mounts-project.com/static/data_mounts/copahue/2021/copahue_20211215T095648_20211221T095736_VV_coh.png
2022-01-02T09:57:35,175933.0,Npix_coh<0.5,coh_desc,Sentinel-1,data_mounts/copahue/2022/copahue_20211221T095736_20220102T095735_VV_coh.png,http://www.mounts-project.com/static/data_mounts/copahue/2022/copahue_20211221T095736_20220102T095735_VV_coh.png
2022-01-14T09:57:35,180881.0,Npix_coh<0.5,coh_desc,Sentinel-1,data_mounts/copahue/2022/copahue_20220102T095735_20220114T095735_VV_coh.png,http://www.mounts-project.com/static/data_mounts/copahue/2022/copahue_20220102T095735_20220114T095735_VV_coh.png
2022-01-26T09:57:35,49705.0,Npix_coh<0.5,coh_desc,Sentinel-1,data_mounts/copahue/2022/copahue_20220114T095735_20220126T095734_VV_coh.png,http://www.mounts-project.com/static/data_mounts/copahue/2022/copahue_20220114T095735_20220126T095734_VV_coh.png
2022-02-07T09:57:34,67045.0,Npix_coh<0.5,coh_desc,Sentinel-1,data_mounts/copahue/2022/copahue_20220126T095734_20220207T095734_VV_coh.png,http://www.mounts-project.com/static/data_mounts/copahue/2022/copahue_20220126T095734_20220207T095734_VV_coh.png
2022-02-19T09:57:34,46567.0,Npix_coh<0.5,coh_desc,Sentinel-1,data_mounts/copahue/2022/copahue_20220207T095734_20220219T095733_VV_coh.png,http://www.mounts-project.com/static/data_mounts/copahue/2022/copahue_20220207T095734_20220219T095733_VV_coh.png
2022-03-03T09:57:34,107938.0,Npix_coh<0.5,coh_desc,Sentinel-1,data_mounts/copahue/2022/copahue_20220219T095733_20220303T095733_VV_coh.png,http://www.mounts-project.com/static/data_mounts/copahue/2022/copahue_20220219T095733_20220303T095733_VV_coh.png
2022-03-15T09:57:34,59354.0,Npix_coh<0.5,coh_desc,Sentinel-1,data_mounts/copahue/2022/copahue_20220303T095733_20220315T095733_VV_coh.png,http://www.mounts-project.com/static/data_mounts/copahue/2022/copahue_20220303T095733_20220315T095733_VV_coh.png
2022-03-27T09:57:34,122701.0,Npix_coh<0.5,coh_desc,Sentinel-1,data_mounts/copahue/2022/copahue_20220315T095733_20220327T095734_VV_coh.png,http://www.mounts-project.com/static/data_mounts/copahue/2022/copahue_20220315T095733_20220327T095734_VV_coh.png
2022-04-08T09:57:34,94072.0,Npix_coh<0.5,coh_desc,Sentinel-1,data_mounts/copahue/2022/copahue_20220327T095734_20220408T095734_VV_coh.png,http://www.mounts-project.com/static/data_mounts/copahue/2022/copahue_20220327T095734_20220408T095734_VV_coh.png
2022-04-20T09:57:38,513784.0,Npix_coh<0.5,coh_desc,Sentinel-1,data_mounts/copahue/2022/copahue_20220408T095734_20220420T095737_VV_coh.png,http://www.mounts-project.com/static/data_mounts/copahue/2022/copahue_20220408T095734_20220420T095737_VV_coh.png
2022-05-02T09:57:38,527838.0,Npix_coh<0.5,coh_desc,Sentinel-1,data_mounts/copahue/2022/copahue_20220420T095737_20220502T095738_VV_coh.png,http://www.mounts-project.com/static/data_mounts/copahue/2022/copahue_20220420T095737_20220502T095738_VV_coh.png
2022-05-14T09:57:39,516465.0,Npix_coh<0.5,coh_desc,Sentinel-1,data_mounts/copahue/2022/copahue_20220502T095738_20220514T095739_VV_coh.png,http://www.mounts-project.com/static/data_mounts/copahue/2022/copahue_20220502T095738_20220514T095739_VV_coh.png
2022-05-26T09:57:40,524859.0,Npix_coh<0.5,coh_desc,Sentinel-1,data_mounts/copahue/2022/copahue_20220514T095739_20220526T095739_VV_coh.png,http://www.mounts-project.com/static/data_mounts/copahue/2022/copahue_20220514T095739_20220526T095739_VV_coh.png
2022-06-07T09:57:41,527456.0,Npix_coh<0.5,coh_desc,Sentinel-1,data_mounts/copahue/2022/copahue_20220526T095739_20220607T095740_VV_coh.png,http://www.mounts-project.com/static/data_mounts/copahue/2022/copahue_20220526T095739_20220607T095740_VV_coh.png
2022-06-19T09:57:41,526138.0,Npix_coh<0.5,coh_desc,Sentinel-1,data_mounts/copahue/2022/copahue_20220607T095740_20220619T095741_VV_coh.png,http://www.mounts-project.com/static/data_mounts/copahue/2022/copahue_20220607T095740_20220619T095741_VV_coh.png
2022-07-01T09:57:42,526826.0,Npix_coh<0.5,coh_desc,Sentinel-1,data_mounts/copahue/2022/copahue_20220619T095741_20220701T095742_VV_coh.png,http://www.mounts-project.com/static/data_mounts/copahue/2022/copahue_20220619T095741_20220701T095742_VV_coh.png
2022-07-25T09:57:44,528762.0,Npix_coh<0.5,coh_desc,Sentinel-1,data_mounts/copahue/2022/copahue_20220713T095742_20220725T095743_VV_coh.png,http://www.mounts-project.com/static/data_mounts/copahue/2022/copahue_20220713T095742_20220725T095743_VV_coh.png
2022-08-06T09:57:45,527485.0,Npix_coh<0.5,coh_desc,Sentinel-1,data_mounts/copahue/2022/copahue_20220725T095743_20220806T095744_VV_coh.png,http://www.mounts-project.com/static/data_mounts/copahue/2022/copahue_20220725T095743_20220806T095744_VV_coh.png
2022-08-18T09:57:45,528375.0,Npix_coh<0.5,coh_desc,Sentinel-1,data_mounts/copahue/2022/copahue_20220806T095744_20220818T095745_VV_coh.png,http://www.mounts-project.com/static/data_mounts/copahue/2022/copahue_20220806T095744_20220818T095745_VV_coh.png
2022-08-30T09:57:46,529242.0,Npix_coh<0.5,coh_desc,Sentinel-1,data_mounts/copahue/2022/copahue_20220818T095745_20220830T095745_VV_coh.png,http://www.mounts-project.com/static/data_mounts/copahue/2022/copahue_20220818T095745_20220830T095745_VV_coh.png
2022-09-11T09:57:46,519144.0,Npix_coh<0.5,coh_desc,Sentinel-1,data_mounts/copahue/2022/copahue_20220830T095745_20220911T095746_VV_coh.png,http://www.mounts-project.com/static/data_mounts/copahue/2022/copahue_20220830T095745_20220911T095746_VV_coh.png
2022-09-23T09:57:46,523314.0,Npix_coh<0.5,coh_desc,Sentinel-1,data_mounts/copahue/2022/copahue_20220911T095746_20220923T095745_VV_coh.png,http://www.mounts-project.com/static/data_mounts/copahue/2022/copahue_20220911T095746_20220923T095745_VV_coh.png
2022-10-05T09:57:46,510747.0,Npix_coh<0.5,coh_desc,Sentinel-1,data_mounts/copahue/2022/copahue_20220923T095745_20221005T095746_VV_coh.png,http://www.mounts-project.com/static/data_mounts/copahue/2022/copahue_20220923T095745_20221005T095746_VV_coh.png
2022-10-17T09:57:47,474890.0,Npix_coh<0.5,coh_desc,Sentinel-1,data_mounts/copahue/2022/copahue_20221005T095746_20221017T095746_VV_coh.png,http://www.mounts-project.com/static/data_mounts/copahue/2022/copahue_20221005T095746_20221017T095746_VV_coh.png
2022-10-29T09:57:47,425958.0,Npix_coh<0.5,coh_desc,Sentinel-1,data_mounts/copahue/2022/copahue_20221017T095746_20221029T095746_VV_coh.png,http://www.mounts-project.com/static/data_mounts/copahue/2022/copahue_20221017T095746_20221029T095746_VV_coh.png
2022-11-10T09:57:46,459194.0,Npix_coh<0.5,coh_desc,Sentinel-1,data_mounts/copahue/2022/copahue_20221029T095746_20221110T095746_VV_coh.png,http://www.mounts-project.com/static/data_mounts/copahue/2022/copahue_20221029T095746_20221110T095746_VV_coh.png
2022-11-22T09:57:46,384748.0,Npix_coh<0.5,coh_desc,Sentinel-1,data_mounts/copahue/2022/copahue_20221110T095746_20221122T095746_VV_coh.png,http://www.mounts-project.com/static/data_mounts/copahue/2022/copahue_20221110T095746_20221122T095746_VV_coh.png
2022-12-04T09:57:46,251225.0,Npix_coh<0.5,coh_desc,Sentinel-1,data_mounts/copahue/2022/copahue_20221122T095746_20221204T095745_VV_coh.png,http://www.mounts-project.com/static/data_mounts/copahue/2022/copahue_20221122T095746_20221204T095745_VV_coh.png
2022-12-16T09:57:45,170888.0,Npix_coh<0.5,coh_desc,Sentinel-1,data_mounts/copahue/2022/copahue_20221204T095745_20221216T095744_VV_coh.png,http://www.mounts-project.com/static/data_mounts/copahue/2022/copahue_20221204T095745_20221216T095744_VV_coh.png
2022-12-28T09:57:44,137975.0,Npix_coh<0.5,coh_desc,Sentinel-1,data_mounts/copahue/2022/copahue_20221216T095744_20221228T095744_VV_coh.png,http://www.mounts-project.com/static/data_mounts/copahue/2022/copahue_20221216T095744_20221228T095744_VV_coh.png
2023-01-09T09:57:44,153618.0,Npix_coh<0.5,coh_desc,Sentinel-1,data_mounts/copahue/2023/copahue_20221228T095744_20230109T095743_VV_coh.png,http://www.mounts-project.com/static/data_mounts/copahue/2023/copahue_20221228T095744_20230109T095743_VV_coh.png
2023-01-21T09:57:43,73355.0,Npix_coh<0.5,coh_desc,Sentinel-1,data_mounts/copahue/2023/copahue_20230109T095743_20230121T095743_VV_coh.png,http://www.mounts-project.com/static/data_mounts/copahue/2023/copahue_20230109T095743_20230121T095743_VV_coh.png
2023-02-26T09:57:43,105317.0,Npix_coh<0.5,coh_desc,Sentinel-1,data_mounts/copahue/2023/copahue_20230214T095742_20230226T095742_VV_coh.png,http://www.mounts-project.com/static/data_mounts/copahue/2023/copahue_20230214T095742_20230226T095742_VV_coh.png
2023-03-10T09:57:42,89958.0,Npix_coh<0.5,coh_desc,Sentinel-1,data_mounts/copahue/2023/copahue_20230226T095742_20230310T095742_VV_coh.png,http://www.mounts-project.com/static/data_mounts/copahue/2023/copahue_20230226T095742_20230310T095742_VV_coh.png
2023-03-22T09:57:42,69857.0,Npix_coh<0.5,coh_desc,Sentinel-1,data_mounts/copahue/2023/copahue_20230310T095742_20230322T095742_VV_coh.png,http://www.mounts-project.com/static/data_mounts/copahue/2023/copahue_20230310T095742_20230322T095742_VV_coh.png
2023-04-03T09:57:40,126541.0,Npix_coh<0.5,coh_desc,Sentinel-1,data_mounts/copahue/2023/copahue_20230322T095742_20230403T095740_VV_coh.png,http://www.mounts-project.com/static/data_mounts/copahue/2023/copahue_20230322T095742_20230403T095740_VV_coh.png
2023-04-15T09:57:43,147658.0,Npix_coh<0.5,coh_desc,Sentinel-1,data_mounts/copahue/2023/copahue_20230403T095740_20230415T095743_VV_coh.png,http://www.mounts-project.com/static/data_mounts/copahue/2023/copahue_20230403T095740_20230415T095743_VV_coh.png
2023-04-27T09:57:44,68795.0,Npix_coh<0.5,coh_desc,Sentinel-1,data_mounts/copahue/2023/copahue_20230415T095743_20230427T095743_VV_coh.png,http://www.mounts-project.com/static/data_mounts/copahue/2023/copahue_20230415T095743_20230427T095743_VV_coh.png
2023-05-09T09:57:44,403063.0,Npix_coh<0.5,coh_desc,Sentinel-1,data_mounts/copahue/2023/copahue_20230427T095743_20230509T095744_VV_coh.png,http://www.mounts-project.com/static/data_mounts/copahue/2023/copahue_20230427T095743_20230509T095744_VV_coh.png
2023-06-14T09:57:46,522292.0,Npix_coh<0.5,coh_desc,Sentinel-1,data_mounts/copahue/2023/copahue_20230602T095745_20230614T095746_VV_coh.png,http://www.mounts-project.com/static/data_mounts/copahue/2023/copahue_20230602T095745_20230614T095746_VV_coh.png
2023-06-26T09:57:46,526229.0,Npix_coh<0.5,coh_desc,Sentinel-1,data_mounts/copahue/2023/copahue_20230614T095746_20230626T095746_VV_coh.png,http://www.mounts-project.com/static/data_mounts/copahue/2023/copahue_20230614T095746_20230626T095746_VV_coh.png
2023-07-08T09:57:48,526472.0,Npix_coh<0.5,coh_desc,Sentinel-1,data_mounts/copahue/2023/copahue_20230626T095746_20230708T095747_VV_coh.png,http://www.mounts-project.com/static/data_mounts/copahue/2023/copahue_20230626T095746_20230708T095747_VV_coh.png
2023-07-20T09:57:48,526824.0,Npix_coh<0.5,coh_desc,Sentinel-1,data_mounts/copahue/2023/copahue_20230708T095747_20230720T095748_VV_coh.png,http://www.mounts-project.com/static/data_mounts/copahue/2023/copahue_20230708T095747_20230720T095748_VV_coh.png
2023-08-01T09:57:49,509500.0,Npix_coh<0.5,coh_desc,Sentinel-1,data_mounts/copahue/2023/copahue_20230720T095748_20230801T095748_VV_coh.png,http://www.mounts-project.com/static/data_mounts/copahue/2023/copahue_20230720T095748_20230801T095748_VV_coh.png
2023-08-13T09:57:49,506858.0,Npix_coh<0.5,coh_desc,Sentinel-1,data_mounts/copahue/2023/copahue_20230801T095748_20230813T095749_VV_coh.png,http://www.mounts-project.com/static/data_mounts/copahue/2023/copahue_20230801T095748_20230813T095749_VV_coh.png
2023-08-25T09:57:50,528389.0,Npix_coh<0.5,coh_desc,Sentinel-1,data_mounts/copahue/2023/copahue_20230813T095749_20230825T095750_VV_coh.png,http://www.mounts-project.com/static/data_mounts/copahue/2023/copahue_20230813T095749_20230825T095750_VV_coh.png
2023-09-06T09:57:51,527406.0,Npix_coh<0.5,coh_desc,Sentinel-1,data_mounts/copahue/2023/copahue_20230825T095750_20230906T095750_VV_coh.png,http://www.mounts-project.com/static/data_mounts/copahue/2023/copahue_20230825T095750_20230906T095750_VV_coh.png
2023-09-18T09:57:51,527850.0,Npix_coh<0.5,coh_desc,Sentinel-1,data_mounts/copahue/2023/copahue_20230906T095750_20230918T095751_VV_coh.png,http://www.mounts-project.com/static/data_mounts/copahue/2023/copahue_20230906T095750_20230918T095751_VV_coh.png
2023-09-30T09:57:52,526643.0,Npix_coh<0.5,coh_desc,Sentinel-1,data_mounts/copahue/2023/copahue_20230918T095751_20230930T095751_VV_coh.png,http://www.mounts-project.com/static/data_mounts/copahue/2023/copahue_20230918T095751_20230930T095751_VV_coh.png
2023-10-12T09:57:51,526688.0,Npix_coh<0.5,coh_desc,Sentinel-1,data_mounts/copahue/2023/copahue_20230930T095751_20231012T095751_VV_coh.png,http://www.mounts-project.com/static/data_mounts/copahue/2023/copahue_20230930T095751_20231012T095751_VV_coh.png
2023-10-24T09:57:52,518771.0,Npix_coh<0.5,coh_desc,Sentinel-1,data_mounts/copahue/2023/copahue_20231012T095751_20231024T095751_VV_coh.png,http://www.mounts-project.com/static/data_mounts/copahue/2023/copahue_20231012T095751_20231024T095751_VV_coh.png
2023-11-05T09:57:51,423612.0,Npix_coh<0.5,coh_desc,Sentinel-1,data_mounts/copahue/2023/copahue_20231024T095751_20231105T095751_VV_coh.png,http://www.mounts-project.com/static/data_mounts/copahue/2023/copahue_20231024T095751_20231105T095751_VV_coh.png
2023-11-17T09:57:51,510465.0,Npix_coh<0.5,coh_desc,Sentinel-1,data_mounts/copahue/2023/copahue_20231105T095751_20231117T095751_VV_coh.png,http://www.mounts-project.com/static/data_mounts/copahue/2023/copahue_20231105T095751_20231117T095751_VV_coh.png
2023-11-29T09:57:50,519726.0,Npix_coh<0.5,coh_desc,Sentinel-1,data_mounts/copahue/2023/copahue_20231117T095751_20231129T095750_VV_coh.png,http://www.mounts-project.com/static/data_mounts/copahue/2023/copahue_20231117T095751_20231129T095750_VV_coh.png
2023-12-11T09:57:50,360821.0,Npix_coh<0.5,coh_desc,Sentinel-1,data_mounts/copahue/2023/copahue_20231129T095750_20231211T095750_VV_coh.png,http://www.mounts-project.com/static/data_mounts/copahue/2023/copahue_20231129T095750_20231211T095750_VV_coh.png
2023-12-23T09:57:49,323193.0,Npix_coh<0.5,coh_desc,Sentinel-1,data_mounts/copahue/2023/copahue_20231211T095750_20231223T095749_VV_coh.png,http://www.mounts-project.com/static/data_mounts/copahue/2023/copahue_20231211T095750_20231223T095749_VV_coh.png
2024-01-04T09:57:49,305075.0,Npix_coh<0.5,coh_desc,Sentinel-1,data_mounts/copahue/2024/copahue_20231223T095749_20240104T095748_VV_coh.png,http://www.mounts-project.com/static/data_mounts/copahue/2024/copahue_20231223T095749_20240104T095748_VV_coh.png
2024-01-16T09:57:48,197135.0,Npix_coh<0.5,coh_desc,Sentinel-1,data_mounts/copahue/2024/copahue_20240104T095748_20240116T095747_VV_coh.png,http://www.mounts-project.com/static/data_mounts/copahue/2024/copahue_20240104T095748_20240116T095747_VV_coh.png
2024-01-28T09:57:48,229610.0,Npix_coh<0.5,coh_desc,Sentinel-1,data_mounts/copahue/2024/copahue_20240116T095747_20240128T095747_VV_coh.png,http://www.mounts-project.com/static/data_mounts/copahue/2024/copahue_20240116T095747_20240128T095747_VV_coh.png
2024-02-09T09:57:47,198863.0,Npix_coh<0.5,coh_desc,Sentinel-1,data_mounts/copahue/2024/copahue_20240128T095747_20240209T095747_VV_coh.png,http://www.mounts-project.com/static/data_mounts/copahue/2024/copahue_20240128T095747_20240209T095747_VV_coh.png
2024-02-21T09:57:47,122600.0,Npix_coh<0.5,coh_desc,Sentinel-1,data_mounts/copahue/2024/copahue_20240209T095747_20240221T095747_VV_coh.png,http://www.mounts-project.com/static/data_mounts/copahue/2024/copahue_20240209T095747_20240221T095747_VV_coh.png
2024-03-04T09:57:48,142546.0,Npix_coh<0.5,coh_desc,Sentinel-1,data_mounts/copahue/2024/copahue_20240221T095747_20240304T095747_VV_coh.png,http://www.mounts-project.com/static/data_mounts/copahue/2024/copahue_20240221T095747_20240304T095747_VV_coh.png
2024-03-16T09:57:48,109813.0,Npix_coh<0.5,coh_desc,Sentinel-1,data_mounts/copahue/2024/copahue_20240304T095747_20240316T095747_VV_coh.png,http://www.mounts-project.com/static/data_mounts/copahue/2024/copahue_20240304T095747_20240316T095747_VV_coh.png
2024-03-28T09:57:48,117015.0,Npix_coh<0.5,coh_desc,Sentinel-1,data_mounts/copahue/2024/copahue_20240316T095747_20240328T095747_VV_coh.png,http://www.mounts-project.com/static/data_mounts/copahue/2024/copahue_20240316T095747_20240328T095747_VV_coh.png
2024-04-21T09:57:49,139232.0,Npix_coh<0.5,coh_desc,Sentinel-1,data_mounts/copahue/2024/copahue_20240328T095747_20240421T095748_VV_coh.png,http://www.mounts-project.com/static/data_mounts/copahue/2024/copahue_20240328T095747_20240421T095748_VV_coh.png
2024-05-03T09:57:49,526194.0,Npix_coh<0.5,coh_desc,Sentinel-1,data_mounts/copahue/2024/copahue_20240421T095748_20240503T095748_VV_coh.png,http://www.mounts-project.com/static/data_mounts/copahue/2024/copahue_20240421T095748_20240503T095748_VV_coh.png
2024-05-15T09:57:48,527011.0,Npix_coh<0.5,coh_desc,Sentinel-1,data_mounts/copahue/2024/copahue_20240503T095748_20240515T095748_VV_coh.png,http://www.mounts-project.com/static/data_mounts/copahue/2024/copahue_20240503T095748_20240515T095748_VV_coh.png
2024-05-27T09:57:49,526892.0,Npix_coh<0.5,coh_desc,Sentinel-1,data_mounts/copahue/2024/copahue_20240515T095748_20240527T095748_VV_coh.png,http://www.mounts-project.com/static/data_mounts/copahue/2024/copahue_20240515T095748_20240527T095748_VV_coh.png
2024-06-08T09:57:48,528044.0,Npix_coh<0.5,coh_desc,Sentinel-1,data_mounts/copahue/2024/copahue_20240527T095748_20240608T095748_VV_coh.png,http://www.mounts-project.com/static/data_mounts/copahue/2024/copahue_20240527T095748_20240608T095748_VV_coh.png
2024-06-20T09:57:48,527036.0,Npix_coh<0.5,coh_desc,Sentinel-1,data_mounts/copahue/2024/copahue_20240608T095748_20240620T095747_VV_coh.png,http://www.mounts-project.com/static/data_mounts/copahue/2024/copahue_20240608T095748_20240620T095747_VV_coh.png
2024-07-14T09:57:47,528582.0,Npix_coh<0.5,coh_desc,Sentinel-1,data_mounts/copahue/2024/copahue_20240620T095747_20240714T095746_VV_coh.png,http://www.mounts-project.com/static/data_mounts/copahue/2024/copahue_20240620T095747_20240714T095746_VV_coh.png
2024-07-26T09:57:46,527089.0,Npix_coh<0.5,coh_desc,Sentinel-1,data_mounts/copahue/2024/copahue_20240714T095746_20240726T095746_VV_coh.png,http://www.mounts-project.com/static/data_mounts/copahue/2024/copahue_20240714T095746_20240726T095746_VV_coh.png
2024-08-07T09:57:46,528529.0,Npix_coh<0.5,coh_desc,Sentinel-1,data_mounts/copahue/2024/copahue_20240726T095746_20240807T095746_VV_coh.png,http://www.mounts-project.com/static/data_mounts/copahue/2024/copahue_20240726T095746_20240807T095746_VV_coh.png
2024-08-19T09:57:47,527895.0,Npix_coh<0.5,coh_desc,Sentinel-1,data_mounts/copahue/2024/copahue_20240807T095746_20240819T095746_VV_coh.png,http://www.mounts-project.com/static/data_mounts/copahue/2024/copahue_20240807T095746_20240819T095746_VV_coh.png
2024-08-31T09:57:47,519140.0,Npix_coh<0.5,coh_desc,Sentinel-1,data_mounts/copahue/2024/copahue_20240819T095746_20240831T095746_VV_coh.png,http://www.mounts-project.com/static/data_mounts/copahue/2024/copahue_20240819T095746_20240831T095746_VV_coh.png
2024-09-12T09:57:47,527903.0,Npix_coh<0.5,coh_desc,Sentinel-1,data_mounts/copahue/2024/copahue_20240831T095746_20240912T095747_VV_coh.png,http://www.mounts-project.com/static/data_mounts/copahue/2024/copahue_20240831T095746_20240912T095747_VV_coh.png
2024-09-24T09:57:47,527675.0,Npix_coh<0.5,coh_desc,Sentinel-1,data_mounts/copahue/2024/copahue_20240912T095747_20240924T095747_VV_coh.png,http://www.mounts-project.com/static/data_mounts/copahue/2024/copahue_20240912T095747_20240924T095747_VV_coh.png
2024-10-06T09:57:48,527240.0,Npix_coh<0.5,coh_desc,Sentinel-1,data_mounts/copahue/2024/copahue_20240924T095747_20241006T095748_VV_coh.png,http://www.mounts-project.com/static/data_mounts/copahue/2024/copahue_20240924T095747_20241006T095748_VV_coh.png
2024-10-18T09:57:48,504130.0,Npix_coh<0.5,coh_desc,Sentinel-1,data_mounts/copahue/2024/copahue_20241006T095748_20241018T095748_VV_coh.png,http://www.mounts-project.com/static/data_mounts/copahue/2024/copahue_20241006T095748_20241018T095748_VV_coh.png
2024-10-30T09:57:48,427505.0,Npix_coh<0.5,coh_desc,Sentinel-1,data_mounts/copahue/2024/copahue_20241018T095748_20241030T095747_VV_coh.png,http://www.mounts-project.com/static/data_mounts/copahue/2024/copahue_20241018T095748_20241030T095747_VV_coh.png
2024-11-11T09:57:48,505415.0,Npix_coh<0.5,coh_desc,Sentinel-1,data_mounts/copahue/2024/copahue_20241030T095747_20241111T095747_VV_coh.png,http://www.mounts-project.com/static/data_mounts/copahue/2024/copahue_20241030T095747_20241111T095747_VV_coh.png
2024-11-23T09:57:47,506547.0,Npix_coh<0.5,coh_desc,Sentinel-1,data_mounts/copahue/2024/copahue_20241111T095747_20241123T095746_VV_coh.png,http://www.mounts-project.com/static/data_mounts/copahue/2024/copahue_20241111T095747_20241123T095746_VV_coh.png
2024-12-05T09:57:46,268027.0,Npix_coh<0.5,coh_desc,Sentinel-1,data_mounts/copahue/2024/copahue_20241123T095746_20241205T095745_VV_coh.png,http://www.mounts-project.com/static/data_mounts/copahue/2024/copahue_20241123T095746_20241205T095745_VV_coh.png
2024-12-17T09:57:45,301064.0,Npix_coh<0.5,coh_desc,Sentinel-1,data_mounts/copahue/2024/copahue_20241205T095745_20241217T095744_VV_coh.png,http://www.mounts-project.com/static/data_mounts/copahue/2024/copahue_20241205T095745_20241217T095744_VV_coh.png
2024-12-29T09:57:44,249895.0,Npix_coh<0.5,coh_desc,Sentinel-1,data_mounts/copahue/2024/copahue_20241217T095744_20241229T095743_VV_coh.png,http://www.mounts-project.com/static/data_mounts/copahue/2024/copahue_20241217T095744_20241229T095743_VV_coh.png
2025-01-10T09:57:43,141604.0,Npix_coh<0.5,coh_desc,Sentinel-1,data_mounts/copahue/2025/copahue_20241229T095743_20250110T095742_VV_coh.png,http://www.mounts-project.com/static/data_mounts/copahue/2025/copahue_20241229T095743_20250110T095742_VV_coh.png
2025-01-22T09:57:41,114830.0,Npix_coh<0.5,coh_desc,Sentinel-1,data_mounts/copahue/2025/copahue_20250110T095742_20250122T095740_VV_coh.png,http://www.mounts-project.com/static/data_mounts/copahue/2025/copahue_20250110T095742_20250122T095740_VV_coh.png
2025-02-03T09:57:41,168950.0,Npix_coh<0.5,coh_desc,Sentinel-1,data_mounts/copahue/2025/copahue_20250122T095740_20250203T095741_VV_coh.png,http://www.mounts-project.com/static/data_mounts/copahue/2025/copahue_20250122T095740_20250203T095741_VV_coh.png
2025-02-15T09:57:41,86947.0,Npix_coh<0.5,coh_desc,Sentinel-1,data_mounts/copahue/2025/copahue_20250203T095741_20250215T095740_VV_coh.png,http://www.mounts-project.com/static/data_mounts/copahue/2025/copahue_20250203T095741_20250215T095740_VV_coh.png
2025-02-27T09:57:41,53655.0,Npix_coh<0.5,coh_desc,Sentinel-1,data_mounts/copahue/2025/copahue_20250215T095740_20250227T095741_VV_coh.png,http://www.mounts-project.com/static/data_mounts/copahue/2025/copahue_20250215T095740_20250227T095741_VV_coh.png
2025-03-11T09:57:41,123306.0,Npix_coh<0.5,coh_desc,Sentinel-1,data_mounts/copahue/2025/copahue_20250227T095741_20250311T095740_VV_coh.png,http://www.mounts-project.com/static/data_mounts/copahue/2025/copahue_20250227T095741_20250311T095740_VV_coh.png
2025-03-23T09:57:41,151776.0,Npix_coh<0.5,coh_desc,Sentinel-1,data_mounts/copahue/2025/copahue_20250311T095740_20250323T095740_VV_coh.png,http://www.mounts-project.com/static/data_mounts/copahue/2025/copahue_20250311T095740_20250323T095740_VV_coh.png
2025-04-10T09:56:25,463761.0,Npix_coh<0.5,coh_desc,Sentinel-1,data_mounts/copahue/2025/copahue_20250404T095741_20250410T095624_VV_coh.png,http://www.mounts-project.com/static/data_mounts/copahue/2025/copahue_20250404T095741_20250410T095624_VV_coh.png
2025-04-28T09:57:42,522786.0,Npix_coh<0.5,coh_desc,Sentinel-1,data_mounts/copahue/2025/copahue_20250410T095624_20250428T095741_VV_coh.png,http://www.mounts-project.com/static/data_mounts/copahue/2025/copahue_20250410T095624_20250428T095741_VV_coh.png
2025-05-10T09:57:41,509853.0,Npix_coh<0.5,coh_desc,Sentinel-1,data_mounts/copahue/2025/copahue_20250428T095741_20250510T095741_VV_coh.png,http://www.mounts-project.com/static/data_mounts/copahue/2025/copahue_20250428T095741_20250510T095741_VV_coh.png
2025-07-09T09:57:38,525366.0,Npix_coh<0.5,coh_desc,Sentinel-1,data_mounts/copahue/2025/copahue_20250627T095738_20250709T095738_VV_coh.png,http://www.mounts-project.com/static/data_mounts/copahue/2025/copahue_20250627T095738_20250709T095738_VV_coh.png
2025-07-21T09:57:38,516704.0,Npix_coh<0.5,coh_desc,Sentinel-1,data_mounts/copahue/2025/copahue_20250709T095738_20250721T095737_VV_coh.png,http://www.mounts-project.com/static/data_mounts/copahue/2025/copahue_20250709T095738_20250721T095737_VV_coh.png
2025-09-01T09:56:31,524125.0,Npix_coh<0.5,coh_desc,Sentinel-1,data_mounts/copahue/2025/copahue_20250826T095737_20250901T095630_VV_coh.png,http://www.mounts-project.com/static/data_mounts/copahue/2025/copahue_20250826T095737_20250901T095630_VV_coh.png
2025-09-07T09:57:38,521055.0,Npix_coh<0.5,coh_desc,Sentinel-1,data_mounts/copahue/2025/copahue_20250901T095630_20250907T095737_VV_coh.png,http://www.mounts-project.com/static/data_mounts/copahue/2025/copahue_20250901T095630_20250907T095737_VV_coh.png
2025-09-13T09:56:34,518211.0,Npix_coh<0.5,coh_desc,Sentinel-1,data_mounts/copahue/2025/copahue_20250907T095737_20250913T095633_VV_coh.png,http://www.mounts-project.com/static/data_mounts/copahue/2025/copahue_20250907T095737_20250913T095633_VV_coh.png
2025-09-19T09:57:38,504411.0,Npix_coh<0.5,coh_desc,Sentinel-1,data_mounts/copahue/2025/copahue_20250913T095633_20250919T095738_VV_coh.png,http://www.mounts-project.com/static/data_mounts/copahue/2025/copahue_20250913T095633_20250919T095738_VV_coh.png
2025-09-25T09:56:34,421276.0,Npix_coh<0.5,coh_desc,Sentinel-1,data_mounts/copahue/2025/copahue_20250919T095738_20250925T095634_VV_coh.png,http://www.mounts-project.com/static/data_mounts/copahue/2025/copahue_20250919T095738_20250925T095634_VV_coh.png
2025-10-01T09:57:38,416646.0,Npix_coh<0.5,coh_desc,Sentinel-1,data_mounts/copahue/2025/copahue_20250925T095634_20251001T095738_VV_coh.png,http://www.mounts-project.com/static/data_mounts/copahue/2025/copahue_20250925T095634_20251001T095738_VV_coh.png
2025-10-07T09:56:35,463036.0,Npix_coh<0.5,coh_desc,Sentinel-1,data_mounts/copahue/2025/copahue_20251001T095738_20251007T095634_VV_coh.png,http://www.mounts-project.com/static/data_mounts/copahue/2025/copahue_20251001T095738_20251007T095634_VV_coh.png
2025-10-13T09:57:39,480961.0,Npix_coh<0.5,coh_desc,Sentinel-1,data_mounts/copahue/2025/copahue_20251007T095634_20251013T095738_VV_coh.png,http://www.mounts-project.com/static/data_mounts/copahue/2025/copahue_20251007T095634_20251013T095738_VV_coh.png
2025-10-19T09:56:35,427996.0,Npix_coh<0.5,coh_desc,Sentinel-1,data_mounts/copahue/2025/copahue_20251013T095738_20251019T095634_VV_coh.png,http://www.mounts-project.com/static/data_mounts/copahue/2025/copahue_20251013T095738_20251019T095634_VV_coh.png
2025-10-25T09:57:38,357467.0,Npix_coh<0.5,coh_desc,Sentinel-1,data_mounts/copahue/2025/copahue_20251019T095634_20251025T095738_VV_coh.png,http://www.mounts-project.com/static/data_mounts/copahue/2025/copahue_20251019T095634_20251025T095738_VV_coh.png
2025-10-31T09:56:34,378473.0,Npix_coh<0.5,coh_desc,Sentinel-1,data_mounts/copahue/2025/copahue_20251025T095738_20251031T095634_VV_coh.png,http://www.mounts-project.com/static/data_mounts/copahue/2025/copahue_20251025T095738_20251031T095634_VV_coh.png
2025-11-06T09:57:38,298142.0,Npix_coh<0.5,coh_desc,Sentinel-1,data_mounts/copahue/2025/copahue_20251031T095634_20251106T095737_VV_coh.png,http://www.mounts-project.com/static/data_mounts/copahue/2025/copahue_20251031T095634_20251106T095737_VV_coh.png
2025-11-18T09:57:37,328526.0,Npix_coh<0.5,coh_desc,Sentinel-1,data_mounts/copahue/2025/copahue_20251031T095634_20251118T095737_VV_coh.png,http://www.mounts-project.com/static/data_mounts/copahue/2025/copahue_20251031T095634_20251118T095737_VV_coh.png
2025-11-24T09:56:33,171635.0,Npix_coh<0.5,coh_desc,Sentinel-1,data_mounts/copahue/2025/copahue_20251118T095737_20251124T095633_VV_coh.png,http://www.mounts-project.com/static/data_mounts/copahue/2025/copahue_20251118T095737_20251124T095633_VV_coh.png
2025-11-30T09:57:36,164665.0,Npix_coh<0.5,coh_desc,Sentinel-1,data_mounts/copahue/2025/copahue_20251124T095633_20251130T095736_VV_coh.png,http://www.mounts-project.com/static/data_mounts/copahue/2025/copahue_20251124T095633_20251130T095736_VV_coh.png
2025-12-06T09:56:33,75837.0,Npix_coh<0.5,coh_desc,Sentinel-1,data_mounts/copahue/2025/copahue_20251130T095736_20251206T095632_VV_coh.png,http://www.mounts-project.com/static/data_mounts/copahue/2025/copahue_20251130T095736_20251206T095632_VV_coh.png
2025-12-12T09:57:35,138587.0,Npix_coh<0.5,coh_desc,Sentinel-1,data_mounts/copahue/2025/copahue_20251206T095632_20251212T095735_VV_coh.png,http://www.mounts-project.com/static/data_mounts/copahue/2025/copahue_20251206T095632_20251212T095735_VV_coh.png
2025-12-18T09:56:32,79050.0,Npix_coh<0.5,coh_desc,Sentinel-1,data_mounts/copahue/2025/copahue_20251212T095735_20251218T095632_VV_coh.png,http://www.mounts-project.com/static/data_mounts/copahue/2025/copahue_20251212T095735_20251218T095632_VV_coh.png
2025-12-24T09:57:34,140184.0,Npix_coh<0.5,coh_desc,Sentinel-1,data_mounts/copahue/2025/copahue_20251218T095632_20251224T095733_VV_coh.png,http://www.mounts-project.com/static/data_mounts/copahue/2025/copahue_20251218T095632_20251224T095733_VV_coh.png
2025-12-30T09:56:31,123871.0,Npix_coh<0.5,coh_desc,Sentinel-1,data_mounts/copahue/2025/copahue_20251224T095733_20251230T095631_VV_coh.png,http://www.mounts-project.com/static/data_mounts/copahue/2025/copahue_20251224T095733_20251230T095631_VV_coh.png
2026-01-05T09:57:33,93836.0,Npix_coh<0.5,coh_desc,Sentinel-1,data_mounts/copahue/2026/copahue_20251230T095631_20260105T095732_VV_coh.png,http://www.mounts-project.com/static/data_mounts/copahue/2026/copahue_20251230T095631_20260105T095732_VV_coh.png
2026-01-11T09:56:31,146896.0,Npix_coh<0.5,coh_desc,Sentinel-1,data_mounts/copahue/2026/copahue_20260105T095732_20260111T095630_VV_coh.png,http://www.mounts-project.com/static/data_mounts/copahue/2026/copahue_20260105T095732_20260111T095630_VV_coh.png
2026-01-17T09:57:32,179196.0,Npix_coh<0.5,coh_desc,Sentinel-1,data_mounts/copahue/2026/copahue_20260111T095630_20260117T095731_VV_coh.png,http://www.mounts-project.com/static/data_mounts/copahue/2026/copahue_20260111T095630_20260117T095731_VV_coh.png
2026-01-23T09:56:30,51936.0,Npix_coh<0.5,coh_desc,Sentinel-1,data_mounts/copahue/2026/copahue_20260117T095731_20260123T095629_VV_coh.png,http://www.mounts-project.com/static/data_mounts/copahue/2026/copahue_20260117T095731_20260123T095629_VV_coh.png
2026-01-29T09:57:31,212357.0,Npix_coh<0.5,coh_desc,Sentinel-1,data_mounts/copahue/2026/copahue_20260123T095629_20260129T095731_VV_coh.png,http://www.mounts-project.com/static/data_mounts/copahue/2026/copahue_20260123T095629_20260129T095731_VV_coh.png
2026-02-04T09:56:29,301528.0,Npix_coh<0.5,coh_desc,Sentinel-1,data_mounts/copahue/2026/copahue_20260129T095731_20260204T095629_VV_coh.png,http://www.mounts-project.com/static/data_mounts/copahue/2026/copahue_20260129T095731_20260204T095629_VV_coh.png
2026-02-16T09:56:30,181648.0,Npix_coh<0.5,coh_desc,Sentinel-1,data_mounts/copahue/2026/copahue_20260204T095629_20260216T095629_VV_coh.png,http://www.mounts-project.com/static/data_mounts/copahue/2026/copahue_20260204T095629_20260216T095629_VV_coh.png
2026-02-28T09:56:30,121045.0,Npix_coh<0.5,coh_desc,Sentinel-1,data_mounts/copahue/2026/copahue_20260216T095629_20260228T095629_VV_coh.png,http://www.mounts-project.com/static/data_mounts/copahue/2026/copahue_20260216T095629_20260228T095629_VV_coh.png
2026-03-12T09:56:29,104715.0,Npix_coh<0.5,coh_desc,Sentinel-1,data_mounts/copahue/2026/copahue_20260228T095629_20260312T095629_VV_coh.png,http://www.mounts-project.com/static/data_mounts/copahue/2026/copahue_20260228T095629_20260312T095629_VV_coh.png
2026-03-24T09:56:30,373046.0,Npix_coh<0.5,coh_desc,Sentinel-1,data_mounts/copahue/2026/copahue_20260312T095629_20260324T095630_VV_coh.png,http://www.mounts-project.com/static/data_mounts/copahue/2026/copahue_20260312T095629_20260324T095630_VV_coh.png
2026-03-30T09:57:29,424478.0,Npix_coh<0.5,coh_desc,Sentinel-1,data_mounts/copahue/2026/copahue_20260324T095630_20260330T095729_VV_coh.png,http://www.mounts-project.com/static/data_mounts/copahue/2026/copahue_20260324T095630_20260330T095729_VV_coh.png
2026-04-05T09:56:30,177443.0,Npix_coh<0.5,coh_desc,Sentinel-1,data_mounts/copahue/2026/copahue_20260330T095729_20260405T095630_VV_coh.png,http://www.mounts-project.com/static/data_mounts/copahue/2026/copahue_20260330T095729_20260405T095630_VV_coh.png
2026-04-11T09:57:29,96024.0,Npix_coh<0.5,coh_desc,Sentinel-1,data_mounts/copahue/2026/copahue_20260405T095630_20260411T095729_VV_coh.png,http://www.mounts-project.com/static/data_mounts/copahue/2026/copahue_20260405T095630_20260411T095729_VV_coh.png
2026-04-17T09:56:27,161378.0,Npix_coh<0.5,coh_desc,Sentinel-1,data_mounts/copahue/2026/copahue_20260411T095729_20260417T095627_VV_coh.png,http://www.mounts-project.com/static/data_mounts/copahue/2026/copahue_20260411T095729_20260417T095627_VV_coh.png
2026-04-29T09:56:27,268896.0,Npix_coh<0.5,coh_desc,Sentinel-1,data_mounts/copahue/2026/copahue_20260417T095627_20260429T095627_VV_coh.png,http://www.mounts-project.com/static/data_mounts/copahue/2026/copahue_20260417T095627_20260429T095627_VV_coh.png
2026-05-05T09:57:29,387119.0,Npix_coh<0.5,coh_desc,Sentinel-1,data_mounts/copahue/2026/copahue_20260429T095627_20260505T095729_VV_coh.png,http://www.mounts-project.com/static/data_mounts/copahue/2026/copahue_20260429T095627_20260505T095729_VV_coh.png
2026-05-11T09:56:28,492233.0,Npix_coh<0.5,coh_desc,Sentinel-1,data_mounts/copahue/2026/copahue_20260505T095729_20260511T095628_VV_coh.png,http://www.mounts-project.com/static/data_mounts/copahue/2026/copahue_20260505T095729_20260511T095628_VV_coh.png
2026-05-17T09:57:29,501657.0,Npix_coh<0.5,coh_desc,Sentinel-1,data_mounts/copahue/2026/copahue_20260511T095628_20260517T095729_VV_coh.png,http://www.mounts-project.com/static/data_mounts/copahue/2026/copahue_20260511T095628_20260517T095729_VV_coh.png
2026-05-23T09:56:29,437657.0,Npix_coh<0.5,coh_desc,Sentinel-1,data_mounts/copahue/2026/copahue_20260517T095729_20260523T095629_VV_coh.png,http://www.mounts-project.com/static/data_mounts/copahue/2026/copahue_20260517T095729_20260523T095629_VV_coh.png
2026-05-29T09:57:28,397699.0,Npix_coh<0.5,coh_desc,Sentinel-1,data_mounts/copahue/2026/copahue_20260523T095629_20260529T095728_VV_coh.png,http://www.mounts-project.com/static/data_mounts/copahue/2026/copahue_20260523T095629_20260529T095728_VV_coh.png
2026-06-04T09:56:30,445270.0,Npix_coh<0.5,coh_desc,Sentinel-1,data_mounts/copahue/2026/copahue_20260529T095728_20260604T095630_VV_coh.png,http://www.mounts-project.com/static/data_mounts/copahue/2026/copahue_20260529T095728_20260604T095630_VV_coh.png
